vonr_enabled_n,vonr_disabled_n,t_stat,p_value
3142,1319,-6.3221212734105325,3.124217071981452e-10
