variable,synthetic_column,external_column,synthetic_n,external_n,synthetic_median,external_median,median_difference,median_ratio,synthetic_iqr,external_iqr,iqr_ratio,ks_stat,wasserstein_distance,js_distance,comparison_group,synthetic_network_type,external_network_type
Controlled 5G download throughput,download_mbps,download_mbps,6604,302,63.545,64.0050552491757,-0.46005524917569574,0.992812204483151,139.01749999999998,47.64178243710738,2.9179743680564227,0.33076882964769494,68.10043336988306,0.5131611756502121,Campus controlled 5G,controlled 5G subset,5G
Controlled 5G upload throughput,upload_mbps,upload_mbps,6604,302,2.525,9.157868687412895,-6.632868687412895,0.27571917508169846,12.8125,11.060210131810226,1.1584318785363779,0.30363396055370817,8.53950706856712,0.3505896968185111,Campus controlled 5G,controlled 5G subset,5G
Controlled 5G downlink jitter,jitter_ms,jitter_ms,6604,302,0.09,0.188895575126735,-0.098895575126735,0.4764537228551629,0.08,0.15520731613210928,0.5154396196884536,0.5344924408646576,0.15902464894022794,0.38459715475732076,Campus controlled 5G,controlled 5G subset,5G
