comparison_group,variable,synthetic_network_type,external_network_type,synthetic_column,external_column,synthetic_n,external_n,synthetic_median,external_median,median_difference,median_ratio,synthetic_iqr,external_iqr,iqr_ratio,ks_stat,wasserstein_distance,js_distance
Vienna phone,RSRP (4G),4G,4G,rsrp_dbm,rsrp_dbm,12390,1183683,-97.54,-88.5,-9.040000000000006,1.1021468926553672,24.5,16.20000457763672,1.5123452516686942,0.29932089766548997,9.984647880541775,0.337376806585313
Vienna phone,RSRP (5G NSA),5G NSA,5G,rsrp_dbm,rsrp_dbm,19650,200129,-98.77,-93.0,-5.769999999999996,1.0620430107526881,25.0175,15.099999999999994,1.6567880794701992,0.21536817938180508,7.5449445487609585,0.2849701705369027
Vienna phone,Download throughput (4G),4G,4G,download_mbps,download_mbps,12390,1156170,5.725,10.600000381469727,-4.875000381469727,0.5400943201858837,17.529999999999998,47.400001525878906,0.3698312117232564,0.2119259441831206,15.383888246358145,0.24161226183542608
Vienna phone,Download throughput (5G NSA),5G NSA,5G,download_mbps,download_mbps,19650,199861,21.0,31.100000381469727,-10.100000381469727,0.6752411492738245,73.8,236.10000306367874,0.31257941144581575,0.323729854335277,100.97652096816606,0.27945499989330624
Vienna phone,Upload throughput (4G),4G,4G,upload_mbps,upload_mbps,12390,1155270,0.64,0.6000000238418579,0.0399999761581421,1.0666666242811431,1.84,9.999999806284904,0.18400000356435783,0.23067905826486146,8.171203656044225,0.31318357639618144
Vienna phone,Upload throughput (5G NSA),5G NSA,5G,upload_mbps,upload_mbps,19650,199861,0.99,0.30000001192092896,0.689999988079071,3.2999998688697865,5.37,1.399999976158142,3.835714351036112,0.29061751657860235,4.7570679862723795,0.19700413120212826
