variable,synthetic_column,external_column,synthetic_n,external_n,synthetic_median,external_median,median_difference,median_ratio,synthetic_iqr,external_iqr,iqr_ratio,ks_stat,wasserstein_distance,js_distance,comparison_group,synthetic_network_type,external_network_type
Controlled 5G download throughput,download_mbps,download_mbps,7995,302,66.26,64.0050552491757,2.2549447508243077,1.0352307289173592,151.76999999999998,47.64178243710738,3.1856490718069543,0.34641394248889,72.9936170610845,0.5224143478707106,Campus controlled 5G,controlled 5G subset,5G
Controlled 5G upload throughput,upload_mbps,upload_mbps,7995,302,2.32,9.157868687412895,-6.837868687412895,0.25333405393645164,12.479999999999999,11.060210131810226,1.1283691585665556,0.3177072590899113,8.87243830291921,0.34190261765901664,Campus controlled 5G,controlled 5G subset,5G
Controlled 5G downlink jitter,jitter_ms,jitter_ms,7995,302,0.22,0.188895575126735,0.031104424873265007,1.164664655868176,0.32,0.15520731613210928,2.0617584787538146,0.2397222601874516,0.10584071180157226,0.23620250322942962,Campus controlled 5G,controlled 5G subset,5G
