variable,synthetic_column,external_column,synthetic_n,external_n,synthetic_median,external_median,median_difference,median_ratio,synthetic_iqr,external_iqr,iqr_ratio,ks_stat,wasserstein_distance,js_distance,comparison_group,synthetic_network_type,external_network_type
Controlled 5G download throughput,download_mbps,download_mbps,6604,302,56.655,64.0050552491757,-7.350055249175696,0.8851644573922877,125.33250000000001,47.64178243710738,2.6307265091404437,0.3607506588421226,63.255945721476714,0.5143205589251834,Campus controlled 5G,controlled 5G subset,5G
Controlled 5G upload throughput,upload_mbps,upload_mbps,6604,302,2.49,9.157868687412895,-6.667868687412895,0.271897325130071,11.69,11.060210131810226,1.0569419442021664,0.3152604682692809,8.13457280174829,0.34705607808356526,Campus controlled 5G,controlled 5G subset,5G
Controlled 5G downlink jitter,jitter_ms,jitter_ms,6604,302,0.25,0.188895575126735,0.061104424873265006,1.3234825634865637,0.32999999999999996,0.15520731613210928,2.126188431214871,0.22070108022029594,0.12253415408891671,0.25968493578904184,Campus controlled 5G,controlled 5G subset,5G
